<Page class="page"
    navigatingTo="onNavigatingTo"  
    xmlns="http://schemas.nativescript.org/tns.xsd">

    <ActionBar class="action-bar">
        <Label class="action-bar-title" text="Home"></Label>
    </ActionBar>

<TabView androidTabsPosition="bottom" selectedIndex="0" selectedIndexChanged="onSelectedIndexChanged">
    <TabViewItem title="Combat">
        <Frame id="combat" defaultPage="combat-page" />
    </TabViewItem>
    <TabViewItem title="Inventory">
        <Frame id="inventory" defaultPage="inventory-page" />
    </TabViewItem>
    <TabViewItem title="Main">
        <Frame id="main" defaultPage="main-page" />
    </TabViewItem>
    <TabViewItem title="Misc">
        <Frame id="charInf" defaultPage="character-info-page" />
    </TabViewItem>
    <TabViewItem title="Spells">
        <Frame id="spells" defaultPage="spells-page" />
    </TabViewItem>
</TabView>
</Page>