<Page class="page"
    navigatingTo="onNavigatingTo"  
    xmlns="http://schemas.nativescript.org/tns.xsd">
<ActionBar class="action-bar">
        <Label class="action-bar-title" text="{{tab}}"></Label>
</ActionBar>

<TabView androidTabsPosition="bottom" selectedIndex="2" selectedIndexChange="onSelectedIndexChange">
        <TabView.items>
                <TabViewItem class="charTab" title="Inv" text="inventory-page">
                        <TabViewItem.view>
                        <GridLayout>
                        <ActionBar class="action-bar">
                        <Label class="action-bar-title" text="Inventory"></Label>
                        </ActionBar>
                        <Label id="inventory" text="1" defaultPage="inventory-page" textWrap="true" />
                        </GridLayout>
                        </TabViewItem.view>
                </TabViewItem>
        <TabViewItem class="charTab" title="Misc" text="character-page">
                <TabViewItem.view>
                <GridLayout>
                <ActionBar class="action-bar">
                <Label class="action-bar-title" text="Character Info"></Label>
                </ActionBar>
                <Label defaultPage="character-info" text="2" textWrap="true"></Label>
                </GridLayout>
                </TabViewItem.view>
        </TabViewItem>
        <TabViewItem class="charTab" title="Main" text="main-page">
                <TabViewItem.view >
                <GridLayout rows="*,*,*,*,*,*,*,*,*" columns="50,50,25,25,*,*,*,*">
                <Button row="0" col="6" colSpan="2" text="edit" tap="editInfo"/>
                <Label class="stats" text="Prof." row="2" col="0"/>
                <Label class="stats" text="STR:" row="3" col="0" />
                <Label class="stats" text="DEX:" row="4" col="0" />
                <Label class="stats" text="CON:" row="5" col="0" />
                <Label class="stats" text="INT:" row="6" col="0" />
                <Label class="stats" text="WIS:" row="7" col="0" />
                <Label class="stats" text="CHR:" row="8" col="0" />
                
                <Label class="statValue" text="2" row="2" col="1"/>
                <Label class="statValue" text="10" row="3" col="1" />
                <Label class="statValue" text="10" row="4" col="1" />
                <Label class="statValue" text="10" row="5" col="1" />
                <Label class="statValue" text="10" row="6" col="1" />
                <Label class="statValue" text="10" row="7" col="1" />
                <Label class="statValue" text="10" row="8" col="1" />

                <Label class="mainCombat" class="topRow" text="AC:" row="0" col="2" />
                <Label Class="mainCombat" class="topRow" text="14" row="1" col="2"/>
                <Label class="mainCombat" class="topRow" text="HP:" row="0" col="4"/>
                <Label class="mainCombat" class="topRow" text="8/8" row="1" col="4"/>
                <Label class="mainCombat" class="topRow" text="Speed" row="0" col="5" />
                <Label class="mainCombat" class="topRow" text="30" row="1" col="5" />
                
                <Label class="skillsHeader" text="Skills and Proficiencies" row="2" col="2" colSpan="5" />
                <GridLayout id="skillsGrid" row="3" rowSpan="5" col="2" colSpan="5" rows="*,*,*,*,*,*" columns="*,*,*,*,*">

                </GridLayout>
                </GridLayout>
                </TabViewItem.view>
        </TabViewItem>
        <TabViewItem class="charTab" title="Com" text="combat-page">
                <TabViewItem.view>
                <GridLayout>
                <ActionBar class="action-bar">
                        <Label class="action-bar-title" text="Combat Page"></Label>
                </ActionBar>
                <Label id="charInf" text="4" defaultPage="combat-page" textWrap="true"/>
                </GridLayout>
                </TabViewItem.view>
        </TabViewItem>
        <TabViewItem class="charTab" title="Spell" text="spells-page">
                <TabViewItem.view>
                <GridLayout>
                <ActionBar class="action-bar">
                        <Label class="action-bar-title" text="Spell"></Label>
                </ActionBar>
                <Label id="spells" text="5" defaultPage="spells-page" textWrap="true"/>
                </GridLayout>
                </TabViewItem.view>
        </TabViewItem>
        </TabView.items>
    </TabView>
</Page>