<Page class="page"
    navigatingTo="onNavigatingTo"  
    xmlns="http://schemas.nativescript.org/tns.xsd">

    <ActionBar class="action-bar">
      <Label class="action-bar-title" text="Home"></Label>
    </ActionBar>

    <StackLayout>
      <Button class="btn" text="Add Character" tap="openModal" textWrap="true" />
      <Button class="btn" text="Delete Character" tap="openDelete" textWrap="true"/>
      <ListView items="{{ characters }}" itemTap="openCharacter" itemTemplateSelector="$index">
        <ListView.itemTemplate> 
          <grid-layout rows="50" columns="100, 100, 100">
            <label class = "display" text="{{name}}" textWrap="true" row="0" col = "0" colSpan="1"/>
            <label class = "display" text="{{race}}" textWrap ="true" row = "0" col ="1" colspan="1"/>
            <label class = "display" text="{{class}}" textWrap="true" row="0" col = "2" colSpan="1"/>
          </grid-layout>
        </ListView.itemTemplate>
      </ListView>
    </StackLayout>


</Page>


