<Page class="page"
    navigatingTo="onNavigatingTo"
    xmlns="http://schemas.nativescript.org/tns.xsd">

    <ActionBar class="display">
        <Label class="action-bar-title" text="{{tab}}"></Label>
    </ActionBar>

<TabView id="TabView" loaded="mainContentLoaded" selectedIndex="0" androidTabsPosition="bottom">
    <TabViewItem class="charTab" title="Inv" text="Inventory">
        <StackLayout class="display">
                <Label class="directory" text="Inventory" textWrap="true"/>
                <Button class="directory" text="Add Character" tap="addData" textWrap="true" />
        </StackLayout>
    </TabViewItem><TabViewItem class="charTab" title="Misc" text="Character Information">
        <ListView id="information" items="{{characterInfo}}">
        <ListView.itemTemplate>
            <StackLayout class="data">
                <Label text="{{infoTitle}}" textWrap="true"/>
                <TextField id="{{infoTitle}}" class="innerData" text="{{info}}" hint="{{'Enter ' + infoTitle + ' Traits Here...'}}" textWrap="true"/>

            </StackLayout>
        </ListView.itemTemplate>
        </ListView>
    </TabViewItem><TabViewItem class="charTab" title="Main" text="Character">
        <StackLayout class="display">
                <Label class="directory" text="Character" textWrap="true"/>
                <Button class="directory" text="Add Character" tap="addData" textWrap="true" />
        </StackLayout>
    </TabViewItem><TabViewItem class="charTab" title="Com" text="Combat">
        <StackLayout class="display">
                <Label class="directory" text="Combat" textWrap="true"/>
                <Button class="directory" text="Add Character" tap="addData" textWrap="true" />
        </StackLayout>
    </TabViewItem><TabViewItem class="charTab" title="Spell" text="Spells">
        <StackLayout>
        <Button class="btn" text="Add Spell" tap="addSpell"/>
        <Button class="btn" text="Delete Spell" tap="deleteSpell"/>
        <ListView id="spellTypes" items="{{spellTypes}}" itemTap="viewSpells">
        <ListView.itemTemplate>
            <GridLayout class="data" rows="*,auto" columns="auto,*,*">
                <Label text="{{level}}" row="0" col="0"/>
                <Label text="{{slotsTotal}}" row="0" col="1"/>
                <Label text="{{slotsExpended}}" row="0" col="2"/>
                    <StackLayout loaded="loadSpells" id="{{level}}" class="innerData" visibility="collapse" row="1" colSpan="3">
                        
                    </StackLayout>
            </GridLayout>
        </ListView.itemTemplate>
        </ListView>
        </StackLayout>
    </TabViewItem>
</TabView>
</Page>