<Page class="page"
    navigatingTo="onNavigatingTo"  
    xmlns="http://schemas.nativescript.org/tns.xsd">

    <ActionBar class="action-bar">
      <Label class="action-bar-title" text="Select To Delete"></Label>
    </ActionBar>

    <StackLayout>
        <Button class="btn" text="Cancel" tap="onCancelButtonTap" textWrap="true"/>
        <ListView items="{{ weapons }}" itemTap="deleteWeapon" itemTemplateSelector="$index">
            <ListView.itemTemplate> 
            <grid-layout rows="50" columns="100, 100, 100">
                <label class = "display" text="{{weapon}}" textWrap="true" row="0" col = "0" colSpan="1"/>
                <label class = "display" text="{{atkBonus}}" textWrap ="true" row = "0" col ="1" colspan="1"/>
                <label class = "display" text="{{dmg}}" textWrap="true" row="0" col = "2" colSpan="1"/>
            </grid-layout>
            </ListView.itemTemplate>
        </ListView>
    </StackLayout>
</Page>