<Page xmlns="http://www.nativescript.org/tns.xsd" shownModally="onShownModally" >
    <StackLayout>
        <GridLayout rows="50, 50" columns="* 3*">
            <Label class = "modal-lbl" row="0" col="0" text="Level:" textWrap="true" />
            <TextField keyboardType="number" row="0" col="1" hint="Enter Level Here..." text="{{ level }}" />
            <Label class = "modal-lbl"  row="1" col="0" text="Name:" textWrap="true" />
            <TextField text="{{ name }}" hint="Enter Name Here..." row="1" col="1" />
        </GridLayout>
        <Button text="Add Spell" tap="onAddButtonTap" />
        <Button text="Cancel" tap = "onCancelButtonTap"/>
    </StackLayout>
</Page>