<Page xmlns="http://www.nativescript.org/tns.xsd" shownModally="onShownModally" >
    <StackLayout>
        <GridLayout rows="50, 50, 50" columns="100, *">
            <Label class = "modal-lbl" row="0" col="0" text="Weapon:" textWrap="true" />
            <TextField row="0" col="1" hint="Enter Weapon..." text="{{ weapon }}" />
            <Label class = "modal-lbl"  row="1" col="0" text="Atk Bonus:" textWrap="true" />
            <TextField keyboardType="number" text="{{ atkBonus }}" hint="Enter Atk Bonus..." row="1" col="1" />
            <Label class = "modal-lbl" row="2" col="0" text="Damage:" textWrap="true" />
            <TextField text="{{ dmg }}" hint="Enter Damage..." row="2" col="1" />
        </GridLayout>
        <Button text="Add Weapon" tap="onAddWeaponTap" />
        <Button text="Cancel" tap = "onCancelWeaponTap"/>
    </StackLayout>
</Page>
