<Page class="page"
    navigatingTo="onNavigatingTo"  
    xmlns="http://schemas.nativescript.org/tns.xsd">

    <ActionBar class="action-bar">
      <Label class="action-bar-title" text="Select To Delete"></Label>
    </ActionBar>

    <StackLayout>
        <Button class="btn" text="Cancel" tap="onCancelButtonTap" textWrap="true"/>
        <ListView items="{{ spells }}" itemTap="deleteSpell" itemTemplateSelector="$index">
            <ListView.itemTemplate> 
            <grid-layout rows="50" columns="auto,*">
                <label class = "display" text="{{level}}" textWrap="true" row="0" col = "0"/>
                <label class = "display" text="{{name}}" textWrap ="true" row = "0" col ="1"/>
            </grid-layout>
            </ListView.itemTemplate>
        </ListView>
    </StackLayout>
</Page>