    
<Page class="page"
    navigatingTo="onNavigatingTo"
    xmlns="http://schemas.nativescript.org/tns.xsd">

    <ActionBar class="action-bar">
        <Label class="action-bar-title" text="{{tab}}" id="actionTitle"></Label>
        <NavigationButton text="Go Back" android.systemIcon="ic_menu_back" tap="goBack" />
    </ActionBar>

<TabView tabBackgroundColor="gray" selectedTabTextColor="white" 
         androidSelectedTabHighlightColor="lightgray" tabTextColor="black"
id="TabView" mainContentLoaded="onLoaded" selectedIndexChanged = "onSelectedIndexChanged" selectedIndex="2" androidTabsPosition="bottom">
    <TabViewItem class="charTab" title="Inv" text="Inventory">
        <StackLayout>

        </StackLayout>
    </TabViewItem>
    <TabViewItem class="charTab" title="Misc" text="Character Information">
        <ListView id="information" items="{{characterInfo}}">
            <ListView.itemTemplate>
                <StackLayout class="data">
					<Label text="{{infoTitle}}" textWrap="true"/>
					<TextField class="innerData" text="{{info}}" hint="{{'Enter ' + infoTitle + ' Traits Here...'}}" textWrap="true"/>

                </StackLayout>
            </ListView.itemTemplate>
        </ListView>
    </TabViewItem>
    <TabViewItem class="charTab" title="Main" text="main-page">
                <TabViewItem.view >
                <GridLayout rows="*,*,*,*,*,*,*,*,*" columns="50,50,25,25,*,*,*,*">
                <Button row="0" col="6" colSpan="2" text="edit" tap="editInfo"/>
                <Label class="stats" text="Prof." row="2" col="0"/>
                <Label class="stats" text="STR:" row="3" col="0" />
                <Label class="stats" text="DEX:" row="4" col="0" />
                <Label class="stats" text="CON:" row="5" col="0" />
                <Label class="stats" text="INT:" row="6" col="0" />
                <Label class="stats" text="WIS:" row="7" col="0" />
                <Label class="stats" text="CHR:" row="8" col="0" />
                
                <Label class="statValue" text="2" row="2" col="1"/>
                <Label class="statValue" text="10" row="3" col="1" />
                <Label class="statValue" text="10" row="4" col="1" />
                <Label class="statValue" text="10" row="5" col="1" />
                <Label class="statValue" text="10" row="6" col="1" />
                <Label class="statValue" text="10" row="7" col="1" />
                <Label class="statValue" text="10" row="8" col="1" />

                <Label class="mainCombat" class="topRow" text="AC:" row="0" col="2" />
                <Label Class="mainCombat" class="topRow" text="14" row="1" col="2"/>
                <Label class="mainCombat" class="topRow" text="HP:" row="0" col="4"/>
                <Label class="mainCombat" class="topRow" text="8/8" row="1" col="4"/>
                <Label class="mainCombat" class="topRow" text="Speed" row="0" col="5" />
                <Label class="mainCombat" class="topRow" text="30" row="1" col="5" />
                
                <Label class="skillsHeader" text="Skills and Proficiencies" row="2" col="2" colSpan="5" />
                <GridLayout id="skillsGrid" row="3" rowSpan="5" col="2" colSpan="5" rows="*,*,*,*,*,*" columns="*,*,*,*,*">

                </GridLayout>
                </GridLayout>
                </TabViewItem.view>
    </TabViewItem>
        <TabViewItem class="charTab" title="Com" text="Combat">
        <StackLayout>
                <Button class="btn" text="Add Weapon" tap="openWeapon" textWrap="true" />
                <Button class="btn" text="Delete Weapon" tap="openWeaponDelete" textWrap="true"/>
                <grid-layout rows = "50" columns="100,100,100">
                    <Label class = "display" textWrap="true" row = "0" col="0" text="Weapon"/>
                    <Label class = "display" textWrap="true" row = "0" col="1" text="Atk Bonus"/>
                    <Label class = "display" textWrap="true" row = "0" col="2" text="Damage"/>
                </grid-layout>
                <ListView items="{{ weapons }}" itemTemplateSelector="$index">
                        <ListView.itemTemplate> 
                                <grid-layout rows="50" columns="100, 100, 100">
                                        <label class = "display" text="{{weapon}}" textWrap="true" row="0" col = "0" colSpan="1"/>
                                        <label class = "display" text="{{atkBonus}}" textWrap ="true" row = "0" col ="1" colspan="1"/>
                                        <label class = "display" text="{{dmg}}" textWrap="true" row="0" col = "2" colSpan="1"/>
                                </grid-layout>
                        </ListView.itemTemplate>
                </ListView>
        </StackLayout>
    </TabViewItem>
    <TabViewItem class="charTab" title="Spell" text="Spells">
        <StackLayout>
            <Button class="btn" text="Add Spell" tap="addSpell"/>
            <Button class="btn" text="Delete Spell" tap="deleteSpell"/>
            <ListView id="spellTypes" items="{{spellTypes}}" itemTap="viewSpells">
                <ListView.itemTemplate>
                    <GridLayout class="data" rows="*,auto" columns="auto,*,*">
                        <Label text="{{level}}" row="0" col="0"/>
                        <Label text="{{slotsTotal}}" row="0" col="1"/>
                        <Label text="{{slotsExpended}}" row="0" col="2"/>
                        <StackLayout loaded="loadSpells" id="{{level}}" class="innerData" visibility="collapse" row="1" colSpan="3">
                            
                        </StackLayout>
                    </GridLayout>
                </ListView.itemTemplate>
            </ListView>
        </StackLayout>
    </TabViewItem>
</TabView>
</Page>