<Page class="page"
    navigatingTo="onNavigatingTo"  
    xmlns="http://schemas.nativescript.org/tns.xsd">
    <ActionBar class="action-bar">
        <Label class="action-bar-title" text="Edit Character Stats" id="actionTitle"></Label>
        <NavigationButton text="Go Back" android.systemIcon="ic_menu_back" tap="goBack" />
    </ActionBar>

<GridLayout class="charTab" rows="*,*,*,*,*,*,*,*,*" columns="50,50,25,25,*,*,*,*">
                <Button row="0" col="6" colSpan="2" text="Confirm" tap="update"/>
                <Button row="0" col="0" colSpan="2" text="Cancel" tap="goBack"/>

                <Label class="stats" text="Prof." row="2" col="0"/>
                <Label class="stats" text="STR:" row="3" col="0" />
                <Label class="stats" text="DEX:" row="4" col="0" />
                <Label class="stats" text="CON:" row="5" col="0" />
                <Label class="stats" text="INT:" row="6" col="0" />
                <Label class="stats" text="WIS:" row="7" col="0" />
                <Label class="stats" text="CHR:" row="8" col="0" />
                
                <TextField class="statsEditable"  keyboardType="number" text="{{prof}}" row="2" col="1"/>
                <TextField class="statsEditable"  keyboardType="number" text="{{str}}" row="3" col="1" />
                <TextField class="statsEditable"  keyboardType="number" text="{{dex}}" row="4" col="1" />
                <TextField class="statsEditable"  keyboardType="number" text="{{con}}" row="5" col="1" />
                <TextField class="statsEditable"  keyboardType="number" text="{{int}}" row="6" col="1" />
                <TextField class="statsEditable"  keyboardType="number" text="{{wis}}" row="7" col="1" />
                <TextField class="statsEditable"  keyboardType="number" text="{{chr}}" row="8" col="1" />

                <Label class="mainCombat" text="AC:" row="0" col="2" />
                <TextField class="statsEditable"  keyboardType="number" text="{{ac}}" row="1" col="2"/>
                <Label class="mainCombat" text="HP:" row="0" col="4"/>
                <TextField class="statsEditable"  keyboardType="number" text="{{hp}}" row="1" col="4"/>
                <Label class="mainCombat" text="Speed" row="0" col="5" />
                <TextField class="statsEditable"  keyboardType="number" class="topRow" text="{{spd}}" row="1" col="5" />
                
                <Label class="skillsHeader" text="Skills and Proficiencies" row="2" col="2" colSpan="5" />
                <ScrollView id="skillsGrid" row="3" rowSpan="5" col="2" colSpan="5">
                <GridLayout rows="*,*,*,*,*,*,*,*,*,*,*,*,*,*,*,*,*,*" columns="*,*">
                    <Label class="skills" text="Acrobatics: " row="0" col="0" />
                    <TextField class="SkillsEditable" keyboardType="number"  text="{{dexMod}}" row="0" col="1" />
                    <Label class="skills" text="Animal Handling: " row="1" col="0" />
                    <TextField class="SkillsEditable" keyboardType="number"  text="{{wisMod}}" row="1" col="1" />
                    <Label class="skills" text="Arcana: " row="2" col="0" />
                    <TextField class="SkillsEditable" keyboardType="number"  text="{{intMod}}" row="2" col="1" />
                    <Label class="skills" text="Athletics: " row="3" col="0" />
                    <TextField class="SkillsEditable" keyboardType="number"  text="{{strMod}}" row="3" col="1" />
                    <Label class="skills" text="Deception: " row="4" col="0" />
                    <TextField class="SkillsEditable" keyboardType="number"  text="{{chrMod}}" row="4" col="1" />
                    <Label class="skills" text="History: " row="5" col="0" />
                    <TextField class="SkillsEditable" keyboardType="number"  text="{{intMod}}" row="5" col="1" />
                    <Label class="skills" text="Insight: " row="6" col="0" />
                    <TextField class="SkillsEditable" keyboardType="number"  text="{{wisMod}}" row="6" col="1" />
                    <Label class="skills" text="Intimidation: " row="7" col="0" />
                    <TextField class="SkillsEditable" keyboardType="number"  text="{{chrMod}}" row="7" col="1" />
                    <Label class="skills" text="Investigation: " row="8" col="0" />
                    <TextField class="SkillsEditable" keyboardType="number"  text="{{intMod}}" row="8" col="1" />
                    <Label class="skills" text="Medicine: "  row="9" col="0" />
                    <TextField class="SkillsEditable" keyboardType="number"  text="{{wisMod}}" row="9" col="1" />
                    <Label class="skills" text="Nature: " row="10" col="0" />
                    <TextField class="SkillsEditable" keyboardType="number"  text="{{wisMod}}" row="10" col="1" />
                    <Label class="skills" text="Perception: " row="11" col="0" />
                    <TextField class="SkillsEditable" keyboardType="number"  text="{{wisMod}}" row="11" col="1" />
                    <Label class="skills" text="Performance: " row="12" col="0" />
                    <TextField class="SkillsEditable" keyboardType="number"  text="{{chrMod}}" row="12" col="1" />
                    <Label class="skills" text="Persuasion: " row="13" col="0" />
                    <TextField class="SkillsEditable" keyboardType="number"  text="{{chrMod}}" row="13" col="1" />
                    <Label class="skills" text="Religion: " row="14" col="0" />
                    <TextField class="SkillsEditable" keyboardType="number"  text="{{intMod}}" row="14" col="1" />
                    <Label class="skills" text="Slieght of Hands: " row="15" col="0" />
                    <TextField class="SkillsEditable" keyboardType="number"  text="{{dexMod}}" row="15" col="1" />
                    <Label class="skills" text="Stealth: " row="16" col="0" />
                    <TextField class="SkillsEditable" keyboardType="number"  text="{{dexMod}}" row="16" col="1" />
                    <Label class="skills" text="Survival: " row="17" col="0" />
                    <TextField class="SkillsEditable" keyboardType="number"  text="{{wisMod}}" row="17" col="1" />

                </GridLayout>
                </ScrollView>
                </GridLayout>
</Page>