<Page xmlns="http://www.nativescript.org/tns.xsd" shownModally="onShownModally" >
    <StackLayout>
        <GridLayout rows="50, 50" columns="100, *">
            <Label class = "modal-lbl" row="0" col="0" text="Type:" textWrap="true" />
            <TextField keyboardType="number" row="0" col="1" hint="Enter type..." text="{{ type }}" />
            <Label class = "modal-lbl"  row="1" col="0" text="Name:" textWrap="true" />
            <TextField text="{{ name }}" hint="Enter name..." row="1" col="1" />
        </GridLayout>
        <Button text="Add Item" tap="onAddItemTap" />
        <Button text="Cancel" tap = "onCancelItemTap"/>
    </StackLayout>
</Page>
