    
<Page class="page"
    navigatingTo="onNavigatingTo"
    xmlns="http://schemas.nativescript.org/tns.xsd">

    <ActionBar class="action-bar">
        <Label class="action-bar-title" text="{{tab}}" id="actionTitle"></Label>
        <NavigationButton text="Go Back" android.systemIcon="ic_menu_back" tap="goBack" />
    </ActionBar>

<TabView tabBackgroundColor="gray" selectedTabTextColor="white" 
         androidSelectedTabHighlightColor="lightgray" tabTextColor="black"
id="TabView" mainContentLoaded="onLoaded" selectedIndexChanged = "onSelectedIndexChanged" selectedIndex="2" androidTabsPosition="bottom">
    <TabViewItem class="charTab" title="Inv" text="Inventory">
         <StackLayout>
            <Button class="btn" text="Add Item" tap="addItem"/>
            <Button class="btn" text="Delete Item" tap="deleteItem"/>
            <ListView id="itemTypes" items="{{itemTypes}}" itemTap="viewItems">
                <ListView.itemTemplate>
                    <GridLayout class="data" rows="*,auto" columns="auto,*,*">
                        <Label text="{{typeName}}" row="0" col="0" colspan="3" TextAlignment="center"/>
                        
                        <StackLayout loaded="loadItems" id="{{type}}" class="innerData" visibility="collapse" row="1" colSpan="3">
                            
                        </StackLayout>
                    </GridLayout>
                </ListView.itemTemplate>
            </ListView>
        </StackLayout>
    </TabViewItem>
    <TabViewItem class="charTab" title="Misc" text="Character Information">
        <ListView id="information" items="{{characterInfo}}">
            <ListView.itemTemplate>
                <StackLayout class="data">
                    <Label text="{{infoTitle}}" textWrap="true"/>
                    <TextField id="{{infoTitle}}" class="innerData" text="{{info}}" hint="{{'Enter ' + infoTitle + ' Traits Here...'}}" textWrap="true"/>

                </StackLayout>
            </ListView.itemTemplate>
        </ListView>
    </TabViewItem>
    <TabViewItem class="charTab" title="Main" text="main-page">
                <TabViewItem.view >
                <GridLayout rows="*,*,*,*,*,*,*,*,*" columns="50,50,25,25,*,*,*,*">
                <Button row="0" col="6" colSpan="2" text="edit" tap="editInfo"/>
                <Label class="stats" text="Prof." row="2" col="0"/>
                <Label class="stats" text="STR:" row="3" col="0" />
                <Label class="stats" text="DEX:" row="4" col="0" />
                <Label class="stats" text="CON:" row="5" col="0" />
                <Label class="stats" text="INT:" row="6" col="0" />
                <Label class="stats" text="WIS:" row="7" col="0" />
                <Label class="stats" text="CHR:" row="8" col="0" />
                
                <Label class="statValue" text="{{stats.prof}}" row="2" col="1" colSpan="3"/>
                <Label class="statValue" text="{{stats.str}}" row="3" col="1" />
                <Label class="statValue" text="{{stats.dex}}" row="4" col="1" />
                <Label class="statValue" text="{{stats.con}}" row="5" col="1" />
                <Label class="statValue" text="{{stats.int}}" row="6" col="1" />
                <Label class="statValue" text="{{stats.wis}}" row="7" col="1" />
                <Label class="statValue" text="{{stats.chr}}" row="8" col="1" />

                <Label class="mainCombat" class="topRow" text="AC:" row="0" col="2" />
                <Label Class="mainCombat" class="topRow" text="{{stats.ac}}" row="1" col="2"/>
                <Label class="mainCombat" class="topRow" text="HP:" row="0" col="4"/>
                <Label class="mainCombat" class="topRow" text="{{stats.hp}}" row="1" col="4"/>
                <Label class="mainCombat" class="topRow" text="Speed" row="0" col="5" />
                <Label class="mainCombat" class="topRow" text="{{stats.spd}}" row="1" col="5" />
                
                <Label class="skillsHeader" text="Skills and Proficiencies" row="2" col="2" colSpan="5" />
                <ScrollView id="skillsGrid" row="3" rowSpan="5" col="2" colSpan="5">
                <GridLayout rows="*,*,*,*,*,*,*,*,*,*,*,*,*,*,*,*,*,*" columns="*,*">
                    <Label class="skills" text="Acrobatics: " row="0" col="0" />
                    <Label class="Skills" text="{{stats.dexMod}}" row="0" col="1" />
                    <Label class="skills" text="Animal Handling: " row="1" col="0" />
                    <Label class="Skills" text="{{stats.wisMod}}" row="1" col="1" />
                    <Label class="skills" text="Arcana: " row="2" col="0" />
                    <Label class="Skills" text="{{stats.intMod}}" row="2" col="1" />
                    <Label class="skills" text="Athletics: " row="3" col="0" />
                    <Label class="Skills" text="{{stats.strMod}}" row="3" col="1" />
                    <Label class="skills" text="Deception: " row="4" col="0" />
                    <Label class="Skills" text="{{stats.chrMod}}" row="4" col="1" />
                    <Label class="skills" text="History: " row="5" col="0" />
                    <Label class="Skills" text="{{stats.intMod}}" row="5" col="1" />
                    <Label class="skills" text="Insight: " row="6" col="0" />
                    <Label class="Skills" text="{{stats.wisMod}}" row="6" col="1" />
                    <Label class="skills" text="Intimidation: " row="7" col="0" />
                    <Label class="Skills" text="{{stats.chrMod}}" row="7" col="1" />
                    <Label class="skills" text="Investigation: " row="8" col="0" />
                    <Label class="Skills" text="{{stats.intMod}}" row="8" col="1" />
                    <Label class="skills" text="Medicine: "  row="9" col="0" />
                    <Label class="Skills" text="{{stats.wisMod}}" row="9" col="1" />
                    <Label class="skills" text="Nature: " row="10" col="0" />
                    <Label class="Skills" text="{{stats.wisMod}}" row="10" col="1" />
                    <Label class="skills" text="Perception: " row="11" col="0" />
                    <Label class="Skills" text="{{stats.wisMod}}" row="11" col="1" />
                    <Label class="skills" text="Performance: " row="12" col="0" />
                    <Label class="Skills" text="{{stats.chrMod}}" row="12" col="1" />
                    <Label class="skills" text="Persuasion: " row="13" col="0" />
                    <Label class="Skills" text="{{stats.wisMod}}" row="13" col="1" />
                    <Label class="skills" text="Religion: " row="14" col="0" />
                    <Label class="Skills" text="{{stats.intMod}}" row="14" col="1" />
                    <Label class="skills" text="Slieght of Hands: " row="15" col="0" />
                    <Label class="Skills" text="{{stats.dexMod}}" row="15" col="1" />
                    <Label class="skills" text="Stealth: " row="16" col="0" />
                    <Label class="Skills" text="{{stats.dexMod}}" row="16" col="1" />
                    <Label class="skills" text="Survival: " row="17" col="0" />
                    <Label class="Skills" text="{{stats.wisMod}}" row="17" col="1" />

                </GridLayout>
                </ScrollView>
                </GridLayout>
                </TabViewItem.view>
    </TabViewItem>
        <TabViewItem class="charTab" title="Com" text="Combat">
        <StackLayout>
                <Button class="btn" text="Add Weapon" tap="openWeapon" textWrap="true" />
                <Button class="btn" text="Delete Weapon" tap="openWeaponDelete" textWrap="true"/>
                <grid-layout rows = "50" columns="100,100,100">
                    <Label class = "display" textWrap="true" row = "0" col="0" text="Weapon"/>
                    <Label class = "display" textWrap="true" row = "0" col="1" text="Atk Bonus"/>
                    <Label class = "display" textWrap="true" row = "0" col="2" text="Damage"/>
                </grid-layout>
                <ListView items="{{ weapons }}" itemTemplateSelector="$index">
                        <ListView.itemTemplate> 
                                <grid-layout rows="50" columns="100, 100, 100">
                                        <label class = "display" text="{{weapon}}" textWrap="true" row="0" col = "0" colSpan="1"/>
                                        <label class = "display" text="{{atkBonus}}" textWrap ="true" row = "0" col ="1" colspan="1"/>
                                        <label class = "display" text="{{dmg}}" textWrap="true" row="0" col = "2" colSpan="1"/>
                                </grid-layout>
                        </ListView.itemTemplate>
                </ListView>
        </StackLayout>
    </TabViewItem>
    <TabViewItem class="charTab" title="Spell" text="Spells">
        <StackLayout>
            <Button class="btn" text="Add Spell" tap="addSpell"/>
            <Button class="btn" text="Delete Spell" tap="deleteSpell"/>
            <ListView id="spellTypes" items="{{spellTypes}}" itemTap="viewSpells">
                <ListView.itemTemplate>
                    <GridLayout class="data" rows="*,auto" columns="auto,*,*">
                        <Label text="{{level}}" row="0" col="0"/>
                        <Label text="{{slotsTotal}}" row="0" col="1"/>
                        <Label text="{{slotsExpended}}" row="0" col="2"/>
                        <StackLayout loaded="loadSpells" id="{{level}}" class="innerData" visibility="collapse" row="1" colSpan="3">
                            
                        </StackLayout>
                    </GridLayout>
                </ListView.itemTemplate>
            </ListView>
        </StackLayout>
    </TabViewItem>
</TabView>
</Page>